id,config,chunk,caracteres,texto
M039,250/0,1,247,"Os moradores próximos ao riacho do Cedro perceberam mudanças na água nas últimas semanas. O líquido apresenta espuma e cheiro forte no trecho atrás do galpão desativado. Durante a tarde, o odor chega às casas e impede que as janelas fiquem abertas"
M039,250/0,2,228,. Vimos resíduos acumulados nas margens e animais evitando o local onde costumavam beber água. Não sabemos a origem do despejo e pedimos que a fiscalização investigue antes de atribuir responsabilidade a qualquer estabelecimento
M039,250/0,3,242,". Solicitamos coleta de amostras, limpeza das margens e orientação à comunidade. Também é necessário instalar avisos sobre as condições do local e informar quais medidas serão adotadas para recuperar o curso de água e impedir novos descartes."
M040,250/0,1,214,"No entorno do terminal do bairro Campo Verde, os usuários relatam sensação de insegurança no retorno do trabalho. Há trechos sem movimento, pontos com pouca iluminação e relatos de abordagem para roubo de celulares"
M040,250/0,2,173,". Uma passageira informou que procurou ajuda, mas não encontrou equipe de vigilância no horário. O problema afeta especialmente quem precisa esperar a última linha de ônibus"
M040,250/0,3,187,". Solicitamos avaliação do patrulhamento, presença de agentes nos horários de maior espera e melhoria da iluminação dos acessos. Pedimos também um canal visível para comunicar ocorrências"
M040,250/0,4,142,". A instalação de câmeras deve ser acompanhada de manutenção e de resposta às chamadas, para que as medidas realmente auxiliem os passageiros."
M038,250/0,1,208,"Na Escola Municipal das Águas, a biblioteca está fechada desde o início do semestre. Os estudantes não conseguem retirar livros e os professores precisam levar materiais próprios para as atividades de leitura"
M038,250/0,2,174,". A direção informou que há infiltração no teto e que parte das estantes precisou ser removida. Nos dias de chuva, a água alcança as caixas onde foram guardados os exemplares"
M038,250/0,3,171,. Os responsáveis temem a perda do acervo e a interrupção prolongada dos projetos pedagógicos. Solicitamos reparo da cobertura e um espaço provisório seguro para os livros
M038,250/0,4,159,". Pedimos ainda um cronograma de reabertura e comunicação às famílias sobre como serão retomadas as atividades, principalmente para as turmas em alfabetização."
M037,250/0,1,184,"A unidade de saúde do bairro Floresta enfrenta longas filas para agendamento. Cheguei antes da abertura e já havia dezenas de pessoas esperando na calçada, sem cobertura contra a chuva"
M037,250/0,2,153,". Ao entrar, fui informado de que as vagas para avaliação estavam esgotadas. Outras pessoas relataram que voltaram várias vezes sem conseguir atendimento"
M037,250/0,3,219,". A equipe da recepção tenta orientar os moradores, mas não existe informação clara sobre os dias de abertura de agenda. Solicito organização do fluxo, divulgação dos horários e possibilidade de agendamento por telefone"
M037,250/0,4,154,". Também seria importante garantir um local de espera acessível para pessoas idosas e com deficiência, que não conseguem permanecer em pé por muito tempo."
M036,250/0,1,243,"A Rua das Mangueiras apresenta problemas de drenagem há meses. Quando chove, a água se acumula no trecho em frente à padaria e impede a passagem de pedestres. Os moradores já tentaram desobstruir a sarjeta, mas o bueiro continua cheio de areia"
M036,250/0,2,158,. A correnteza leva lixo para dentro das casas mais baixas e danifica móveis. Uma moradora com dificuldade de locomoção depende dos vizinhos para sair de casa
M036,250/0,3,101,". Solicitamos uma vistoria da equipe técnica, limpeza da rede e avaliação do nivelamento do pavimento"
M036,250/0,4,161,". Também pedimos sinalização provisória enquanto o serviço não for realizado, pois motoristas não percebem a profundidade da água e passam em velocidade elevada."
M039,250/50,1,247,"Os moradores próximos ao riacho do Cedro perceberam mudanças na água nas últimas semanas. O líquido apresenta espuma e cheiro forte no trecho atrás do galpão desativado. Durante a tarde, o odor chega às casas e impede que as janelas fiquem abertas"
M039,250/50,2,228,. Vimos resíduos acumulados nas margens e animais evitando o local onde costumavam beber água. Não sabemos a origem do despejo e pedimos que a fiscalização investigue antes de atribuir responsabilidade a qualquer estabelecimento
M039,250/50,3,242,". Solicitamos coleta de amostras, limpeza das margens e orientação à comunidade. Também é necessário instalar avisos sobre as condições do local e informar quais medidas serão adotadas para recuperar o curso de água e impedir novos descartes."
M040,250/50,1,214,"No entorno do terminal do bairro Campo Verde, os usuários relatam sensação de insegurança no retorno do trabalho. Há trechos sem movimento, pontos com pouca iluminação e relatos de abordagem para roubo de celulares"
M040,250/50,2,173,". Uma passageira informou que procurou ajuda, mas não encontrou equipe de vigilância no horário. O problema afeta especialmente quem precisa esperar a última linha de ônibus"
M040,250/50,3,187,". Solicitamos avaliação do patrulhamento, presença de agentes nos horários de maior espera e melhoria da iluminação dos acessos. Pedimos também um canal visível para comunicar ocorrências"
M040,250/50,4,142,". A instalação de câmeras deve ser acompanhada de manutenção e de resposta às chamadas, para que as medidas realmente auxiliem os passageiros."
M038,250/50,1,208,"Na Escola Municipal das Águas, a biblioteca está fechada desde o início do semestre. Os estudantes não conseguem retirar livros e os professores precisam levar materiais próprios para as atividades de leitura"
M038,250/50,2,174,". A direção informou que há infiltração no teto e que parte das estantes precisou ser removida. Nos dias de chuva, a água alcança as caixas onde foram guardados os exemplares"
M038,250/50,3,171,. Os responsáveis temem a perda do acervo e a interrupção prolongada dos projetos pedagógicos. Solicitamos reparo da cobertura e um espaço provisório seguro para os livros
M038,250/50,4,159,". Pedimos ainda um cronograma de reabertura e comunicação às famílias sobre como serão retomadas as atividades, principalmente para as turmas em alfabetização."
M037,250/50,1,184,"A unidade de saúde do bairro Floresta enfrenta longas filas para agendamento. Cheguei antes da abertura e já havia dezenas de pessoas esperando na calçada, sem cobertura contra a chuva"
M037,250/50,2,153,". Ao entrar, fui informado de que as vagas para avaliação estavam esgotadas. Outras pessoas relataram que voltaram várias vezes sem conseguir atendimento"
M037,250/50,3,219,". A equipe da recepção tenta orientar os moradores, mas não existe informação clara sobre os dias de abertura de agenda. Solicito organização do fluxo, divulgação dos horários e possibilidade de agendamento por telefone"
M037,250/50,4,154,". Também seria importante garantir um local de espera acessível para pessoas idosas e com deficiência, que não conseguem permanecer em pé por muito tempo."
M036,250/50,1,243,"A Rua das Mangueiras apresenta problemas de drenagem há meses. Quando chove, a água se acumula no trecho em frente à padaria e impede a passagem de pedestres. Os moradores já tentaram desobstruir a sarjeta, mas o bueiro continua cheio de areia"
M036,250/50,2,158,. A correnteza leva lixo para dentro das casas mais baixas e danifica móveis. Uma moradora com dificuldade de locomoção depende dos vizinhos para sair de casa
M036,250/50,3,101,". Solicitamos uma vistoria da equipe técnica, limpeza da rede e avaliação do nivelamento do pavimento"
M036,250/50,4,161,". Também pedimos sinalização provisória enquanto o serviço não for realizado, pois motoristas não percebem a profundidade da água e passam em velocidade elevada."
M039,400/80,1,340,"Os moradores próximos ao riacho do Cedro perceberam mudanças na água nas últimas semanas. O líquido apresenta espuma e cheiro forte no trecho atrás do galpão desativado. Durante a tarde, o odor chega às casas e impede que as janelas fiquem abertas. Vimos resíduos acumulados nas margens e animais evitando o local onde costumavam beber água"
M039,400/80,2,377,". Não sabemos a origem do despejo e pedimos que a fiscalização investigue antes de atribuir responsabilidade a qualquer estabelecimento. Solicitamos coleta de amostras, limpeza das margens e orientação à comunidade. Também é necessário instalar avisos sobre as condições do local e informar quais medidas serão adotadas para recuperar o curso de água e impedir novos descartes."
M040,400/80,1,387,"No entorno do terminal do bairro Campo Verde, os usuários relatam sensação de insegurança no retorno do trabalho. Há trechos sem movimento, pontos com pouca iluminação e relatos de abordagem para roubo de celulares. Uma passageira informou que procurou ajuda, mas não encontrou equipe de vigilância no horário. O problema afeta especialmente quem precisa esperar a última linha de ônibus"
M040,400/80,2,265,". O problema afeta especialmente quem precisa esperar a última linha de ônibus. Solicitamos avaliação do patrulhamento, presença de agentes nos horários de maior espera e melhoria da iluminação dos acessos. Pedimos também um canal visível para comunicar ocorrências"
M040,400/80,3,202,". Pedimos também um canal visível para comunicar ocorrências. A instalação de câmeras deve ser acompanhada de manutenção e de resposta às chamadas, para que as medidas realmente auxiliem os passageiros."
M038,400/80,1,382,"Na Escola Municipal das Águas, a biblioteca está fechada desde o início do semestre. Os estudantes não conseguem retirar livros e os professores precisam levar materiais próprios para as atividades de leitura. A direção informou que há infiltração no teto e que parte das estantes precisou ser removida. Nos dias de chuva, a água alcança as caixas onde foram guardados os exemplares"
M038,400/80,2,251,". Nos dias de chuva, a água alcança as caixas onde foram guardados os exemplares. Os responsáveis temem a perda do acervo e a interrupção prolongada dos projetos pedagógicos. Solicitamos reparo da cobertura e um espaço provisório seguro para os livros"
M038,400/80,3,237,". Solicitamos reparo da cobertura e um espaço provisório seguro para os livros. Pedimos ainda um cronograma de reabertura e comunicação às famílias sobre como serão retomadas as atividades, principalmente para as turmas em alfabetização."
M037,400/80,1,337,"A unidade de saúde do bairro Floresta enfrenta longas filas para agendamento. Cheguei antes da abertura e já havia dezenas de pessoas esperando na calçada, sem cobertura contra a chuva. Ao entrar, fui informado de que as vagas para avaliação estavam esgotadas. Outras pessoas relataram que voltaram várias vezes sem conseguir atendimento"
M037,400/80,2,297,". Outras pessoas relataram que voltaram várias vezes sem conseguir atendimento. A equipe da recepção tenta orientar os moradores, mas não existe informação clara sobre os dias de abertura de agenda. Solicito organização do fluxo, divulgação dos horários e possibilidade de agendamento por telefone"
M037,400/80,3,154,". Também seria importante garantir um local de espera acessível para pessoas idosas e com deficiência, que não conseguem permanecer em pé por muito tempo."
M036,400/80,1,319,"A Rua das Mangueiras apresenta problemas de drenagem há meses. Quando chove, a água se acumula no trecho em frente à padaria e impede a passagem de pedestres. Os moradores já tentaram desobstruir a sarjeta, mas o bueiro continua cheio de areia. A correnteza leva lixo para dentro das casas mais baixas e danifica móveis"
M036,400/80,2,259,". A correnteza leva lixo para dentro das casas mais baixas e danifica móveis. Uma moradora com dificuldade de locomoção depende dos vizinhos para sair de casa. Solicitamos uma vistoria da equipe técnica, limpeza da rede e avaliação do nivelamento do pavimento"
M036,400/80,3,161,". Também pedimos sinalização provisória enquanto o serviço não for realizado, pois motoristas não percebem a profundidade da água e passam em velocidade elevada."
