id,tamanho,overlap,chunks,cosseno_consecutivo_medio
M039,250,0,3,0.5672194957733154
M040,250,0,4,0.5220242738723755
M038,250,0,4,0.3742913007736206
M037,250,0,4,0.331958144903183
M036,250,0,4,0.40452811121940613
M039,250,50,3,0.5672194957733154
M040,250,50,4,0.5220242738723755
M038,250,50,4,0.3742913007736206
M037,250,50,4,0.331958144903183
M036,250,50,4,0.40452811121940613
M039,400,80,2,0.5420140027999878
M040,400,80,3,0.6828742027282715
M038,400,80,3,0.6793774962425232
M037,400,80,3,0.5180538892745972
M036,400,80,3,0.5261499285697937
