id,M001,M002,M003,M004,M005,M006,M007,M008,M009,M010,M011,M012,M013,M014,M015,M016,M017,M018,M019,M020,M021,M022,M023,M024,M025,M026,M027,M028,M029,M030,M031,M032,M033,M034,M035,M036,M037,M038,M039,M040
M001,0.99999994,0.33963692,0.39898616,0.08732327,0.4681089,0.14466944,0.10181947,0.1851892,0.04698165,0.3514579,0.23228425,0.33718127,0.31122923,0.09919727,0.4219792,0.30677745,0.5568007,0.43106753,0.17262284,0.28253692,0.4003424,0.221293,0.39309597,0.10413168,0.2713924,0.36773875,0.23933214,0.33016765,0.0029875338,0.4569016,0.28380334,0.053078517,0.35169482,0.25388983,0.3294533,0.36976233,0.34908932,0.19964983,0.08679293,0.39940417
M002,0.33963692,1.0,0.3806415,0.10211012,0.47294477,0.13246635,0.48837352,0.08319486,0.36745137,0.27346683,0.19036448,0.71280444,0.21496998,-0.03689921,0.2197783,0.9310272,0.47277695,0.35494155,0.15795311,0.11327608,0.43595606,0.11185819,0.30636233,0.057376217,0.5782547,0.14820227,0.4863711,0.27608174,0.1660435,0.3237326,0.4613934,0.11108965,0.37192178,0.31845936,0.31929666,0.6269956,0.36302435,0.39256006,0.64115334,0.39231774
M003,0.39898616,0.3806415,0.9999999,0.09196672,0.30917233,0.15071422,0.172629,0.084035605,0.1045872,0.15840307,0.16550207,0.2808323,0.11364147,0.05478855,0.3994445,0.33677012,0.7609681,0.37717843,0.038840182,0.1052653,0.30807772,0.13885939,0.14368486,0.059316777,0.2718509,0.22659147,0.30777544,0.24857393,0.037065588,0.2310169,0.20125362,0.008622448,0.26744458,0.19841544,0.33568895,0.37545332,0.22941574,0.21422085,0.17821258,0.360035
M004,0.08732327,0.10211012,0.09196672,1.0000001,0.068158805,0.2445784,0.07761425,0.34585607,0.3650328,0.19543822,0.0771636,0.22407015,0.4411245,0.22920638,0.06135705,0.12280112,0.077120624,0.09144749,0.5442879,0.20089762,0.15696567,0.34629005,-0.052435428,0.9512583,0.11147343,0.24336004,0.14322019,0.1726457,0.30376613,0.17619549,0.10758853,0.18647692,-0.0075484323,0.078619055,0.5291959,0.18541095,0.3389051,0.5153874,0.11238603,0.18376791
M005,0.4681089,0.47294477,0.30917233,0.068158805,0.9999996,0.015543132,0.25864774,0.08951591,0.13478288,0.29076874,0.35478693,0.33379054,0.39861196,0.17475304,0.29576126,0.3858071,0.43464023,0.554006,0.08037819,0.17257604,0.38631725,0.14233117,0.410266,0.048652124,0.33604187,0.22945608,0.23190492,0.59824497,-0.013514198,0.39179572,0.43055916,0.27437827,0.24639581,0.40413332,0.27143365,0.37363848,0.47811273,0.2531497,0.23241681,0.63521403
M006,0.14466944,0.13246635,0.15071422,0.2445784,0.015543132,1.0000001,0.12143833,0.4327812,-0.0029685237,0.0771098,0.06115611,0.21697208,0.022562101,0.38084143,0.06418858,0.118385464,0.086647905,0.10329485,0.14566094,0.11513525,0.0011390932,0.41344026,0.062063508,0.24311489,0.090891555,0.24407619,0.17583454,0.09905322,0.18727426,0.14275345,-0.06609383,0.18268162,-0.0008776188,0.053679045,0.052789785,0.12027325,0.2162747,0.16743022,0.1666372,0.20123267
M007,0.10181947,0.48837352,0.172629,0.07761425,0.25864774,0.12143833,1.0,0.0613804,0.28873304,0.21419334,0.24721542,0.30970532,0.11966531,-0.021684706,0.26105738,0.4791574,0.18770519,0.13821347,0.0667894,0.03479197,0.29105222,0.06326404,0.20112546,0.03239983,0.46881837,0.06580293,0.4462184,0.29742056,0.12420222,0.21544471,0.42333564,0.020729698,0.2780028,0.2889445,0.19853872,0.39529017,0.26748583,0.25506878,0.5789909,0.19366243
M008,0.1851892,0.08319486,0.084035605,0.34585607,0.08951591,0.4327812,0.0613804,1.0,0.12768054,0.13613336,0.039091703,0.19539422,0.23326191,0.44501203,-0.009014189,0.11343822,0.048725776,0.1576057,0.25718075,0.3026358,0.07700433,0.93384737,0.05438539,0.36556587,0.024462292,0.43358195,0.14542897,0.22471118,0.28114837,0.14867947,0.057459198,0.31684506,-0.012732677,0.019152075,0.2946752,0.096264094,0.3537197,0.25512657,0.14660081,0.19051024
M009,0.04698165,0.36745137,0.1045872,0.3650328,0.13478288,-0.0029685237,0.28873304,0.12768054,1.0,0.049633183,0.17139557,0.37827936,0.2601558,-0.0053419378,0.12394859,0.41203606,0.12499677,0.1502184,0.33515304,0.17083126,0.34776187,0.11712119,0.049812313,0.3165453,0.4311208,0.28610873,0.32059935,0.099977866,0.2217988,0.098027356,0.34230757,0.166044,0.0930386,0.24533005,0.52143145,0.47687796,0.39482206,0.57694614,0.50160193,0.14695144
M010,0.3514579,0.27346683,0.15840307,0.19543822,0.29076874,0.0771098,0.21419334,0.13613336,0.049633183,0.99999994,0.3728009,0.22047552,0.21066687,0.19484335,0.19949484,0.22224553,0.38392973,0.29801676,-0.036185674,0.10493314,0.3467812,0.16100764,0.14630164,0.15958264,0.3703695,0.11617795,0.066836305,0.37681007,0.11560075,0.84457344,0.49369952,0.08068004,0.30939814,0.44136313,0.2862697,0.25762653,0.20715027,0.09620621,0.16316776,0.298114
M011,0.23228425,0.19036448,0.16550207,0.0771636,0.35478693,0.06115611,0.24721542,0.039091703,0.17139557,0.3728009,1.0000002,0.1441563,0.25072792,-0.0029336438,0.2029722,0.13436121,0.20155337,0.19043075,-0.0047714487,0.4305176,0.27507675,0.053360775,0.1780113,0.05004858,0.24393235,0.2391448,0.033672884,0.44391885,0.09817729,0.41052973,0.47104713,0.13599735,0.108769156,0.882892,0.21799046,0.18860275,0.33405793,0.19630125,0.119941376,0.30861682
M012,0.33718127,0.71280444,0.2808323,0.22407015,0.33379054,0.21697208,0.30970532,0.19539422,0.37827936,0.22047552,0.1441563,1.0000001,0.20713735,-0.08621092,0.23412928,0.7606174,0.40218407,0.31145442,0.19787602,0.15179199,0.41737118,0.22053958,0.1608288,0.19551231,0.49796137,0.27075556,0.48352432,0.31184724,0.28135678,0.34607685,0.22487149,0.14569092,0.3700896,0.2676578,0.37518567,0.6781198,0.40097666,0.47839406,0.6413518,0.3463229
M013,0.31122923,0.21496998,0.11364147,0.4411245,0.39861196,0.022562101,0.11966531,0.23326191,0.2601558,0.21066687,0.25072792,0.20713735,1.0000001,0.056298986,0.15473153,0.17636758,0.20360965,0.18200508,0.3687562,0.25746512,0.17669791,0.1941722,0.14621969,0.43506122,0.18230607,0.2344408,0.15784138,0.31858575,0.24794888,0.24426493,0.24418649,0.30504292,0.25183362,0.2706056,0.47471783,0.21840408,0.35693997,0.3308238,0.10215306,0.33108082
M014,0.09919727,-0.03689921,0.05478855,0.22920638,0.17475304,0.38084143,-0.021684706,0.44501203,-0.0053419378,0.19484335,-0.0029336438,-0.08621092,0.056298986,1.0,-0.051428154,-0.043687947,-0.012635205,0.16977635,0.10359229,0.17014888,0.09740132,0.46904027,-0.019688964,0.22453941,-0.069263875,0.15021966,-0.046895392,0.13847198,0.08277388,0.15467733,0.07248669,0.2826291,-0.09892894,-0.022805586,0.06667155,-0.1151428,0.2926251,0.11150636,-0.0041878,0.27913564
M015,0.4219792,0.2197783,0.3994445,0.06135705,0.29576126,0.06418858,0.26105738,-0.009014189,0.12394859,0.19949484,0.2029722,0.23412928,0.15473153,-0.051428154,0.99999976,0.2282961,0.32568535,0.3100667,0.089973226,0.1511688,0.47962108,0.027718121,0.26183373,0.058613807,0.258704,0.2492022,0.37902585,0.2776758,0.013884883,0.22890043,0.12744279,-0.09873065,0.36452383,0.263214,0.311329,0.42126426,0.20631965,0.27741578,0.25927135,0.3257108
M016,0.30677745,0.9310272,0.33677012,0.12280112,0.3858071,0.118385464,0.4791574,0.11343822,0.41203606,0.22224553,0.13436121,0.7606174,0.17636758,-0.043687947,0.2282961,0.99999964,0.40297568,0.30077553,0.16327344,0.120596565,0.41250563,0.1366049,0.23869446,0.07753773,0.4976555,0.17167133,0.56663287,0.23494263,0.16915342,0.2733623,0.43098632,0.09970856,0.37181044,0.25454867,0.33036333,0.6500183,0.33941007,0.39228913,0.6817168,0.3358965
M017,0.5568007,0.47277695,0.7609681,0.077120624,0.43464023,0.086647905,0.18770519,0.048725776,0.12499677,0.38392973,0.20155337,0.40218407,0.20360965,-0.012635205,0.32568535,0.40297568,1.0000002,0.3917551,-0.0011940245,0.034715082,0.36852795,0.085571274,0.2960632,0.028682949,0.46316785,0.1689829,0.23709026,0.27242756,-0.0065714717,0.49988008,0.32096654,0.012570929,0.36346045,0.31366637,0.36596215,0.43904936,0.3130659,0.14431879,0.19426075,0.38148448
M018,0.43106753,0.35494155,0.37717843,0.09144749,0.554006,0.10329485,0.13821347,0.1576057,0.1502184,0.29801676,0.19043075,0.31145442,0.18200508,0.16977635,0.3100667,0.30077553,0.3917551,0.9999999,0.047276367,0.25699168,0.37462074,0.24748035,0.29551354,0.080663234,0.26486087,0.33331233,0.30274707,0.46396524,0.019556908,0.3112215,0.26358706,0.17840424,0.24329546,0.27042565,0.32608002,0.4160728,0.47052386,0.29061455,0.1918559,0.6482477
M019,0.17262284,0.15795311,0.038840182,0.5442879,0.08037819,0.14566094,0.0667894,0.25718075,0.33515304,-0.036185674,-0.0047714487,0.19787602,0.3687562,0.10359229,0.089973226,0.16327344,-0.0011940245,0.047276367,1.0000002,0.18052413,0.1621001,0.2620378,0.09124424,0.56833553,0.0026686452,0.17418975,0.22780465,0.048738874,0.21842958,0.001561217,0.08712635,0.08381812,-0.04768915,-0.03929791,0.42876565,0.17168513,0.28741664,0.65522295,0.15411806,0.171496
M020,0.28253692,0.11327608,0.1052653,0.20089762,0.17257604,0.11513525,0.03479197,0.3026358,0.17083126,0.10493314,0.4305176,0.15179199,0.25746512,0.17014888,0.1511688,0.120596565,0.034715082,0.25699168,0.18052413,1.0000001,0.15751982,0.32069623,0.049560122,0.24765132,0.080360815,0.5215624,0.1237998,0.28623646,0.17822947,0.15650824,0.19549868,0.27900428,-0.05702605,0.38213712,0.20373562,0.13813859,0.48537403,0.290552,0.058402784,0.33294278
M021,0.4003424,0.43595606,0.30807772,0.15696567,0.38631725,0.0011390932,0.29105222,0.07700433,0.34776187,0.3467812,0.27507675,0.41737118,0.17669791,0.09740132,0.47962108,0.41250563,0.36852795,0.37462074,0.1621001,0.15751982,0.9999999,0.12468198,0.21996179,0.11934754,0.40309986,0.1727453,0.26848316,0.2995713,0.07516825,0.3929444,0.45538568,0.05793845,0.3035645,0.31741008,0.32660437,0.49418426,0.42111576,0.3267476,0.38800368,0.4248805
M022,0.221293,0.11185819,0.13885939,0.34629005,0.14233117,0.41344026,0.06326404,0.93384737,0.11712119,0.16100764,0.053360775,0.22053958,0.1941722,0.46904027,0.027718121,0.1366049,0.085571274,0.24748035,0.2620378,0.32069623,0.12468198,0.9999998,0.06167552,0.38467026,0.034900103,0.41656977,0.16083382,0.24357271,0.26033163,0.17869747,0.05919623,0.35104024,-0.0182327,0.052623745,0.29227084,0.123964615,0.37069842,0.27038318,0.16678458,0.25619054
M023,0.39309597,0.30636233,0.14368486,-0.052435428,0.410266,0.062063508,0.20112546,0.05438539,0.049812313,0.14630164,0.1780113,0.1608288,0.14621969,-0.019688964,0.26183373,0.23869446,0.2960632,0.29551354,0.09124424,0.049560122,0.21996179,0.06167552,1.0000002,-0.04616184,0.29960388,0.10448131,0.22969918,0.2778508,-0.019839535,0.2527671,0.24633837,0.14977281,0.0988102,0.24562824,0.098307736,0.2933948,0.23844641,0.120174535,0.17139338,0.37888533
M024,0.10413168,0.057376217,0.059316777,0.9512583,0.048652124,0.24311489,0.03239983,0.36556587,0.3165453,0.15958264,0.05004858,0.19551231,0.43506122,0.22453941,0.058613807,0.07753773,0.028682949,0.080663234,0.56833553,0.24765132,0.11934754,0.38467026,-0.04616184,1.0000001,0.046277985,0.26753885,0.11357419,0.14284784,0.31850985,0.15694705,0.04244052,0.20514846,-0.055386495,0.053909555,0.48880923,0.1656013,0.3319491,0.4982441,0.086339444,0.20019744
M025,0.2713924,0.5782547,0.2718509,0.11147343,0.33604187,0.090891555,0.46881837,0.024462292,0.4311208,0.3703695,0.24393235,0.49796137,0.18230607,-0.069263875,0.258704,0.4976555,0.46316785,0.26486087,0.0026686452,0.080360815,0.40309986,0.034900103,0.29960388,0.046277985,0.9999999,0.12819135,0.35308796,0.29540896,0.15785617,0.44785678,0.4232148,0.082139984,0.38726565,0.36280036,0.3200202,0.62170345,0.4221211,0.37714994,0.53188366,0.2704886
M026,0.36773875,0.14820227,0.22659147,0.24336004,0.22945608,0.24407619,0.06580293,0.43358195,0.28610873,0.11617795,0.2391448,0.27075556,0.2344408,0.15021966,0.2492022,0.17167133,0.1689829,0.33331233,0.17418975,0.5215624,0.1727453,0.41656977,0.10448131,0.26753885,0.12819135,1.0000002,0.1943214,0.34538215,0.24563318,0.20496532,0.14327066,0.13470185,-0.0068080835,0.22214125,0.48561454,0.2751103,0.4368493,0.3730771,0.114513695,0.421074
M027,0.23933214,0.4863711,0.30777544,0.14322019,0.23190492,0.17583454,0.4462184,0.14542897,0.32059935,0.066836305,0.033672884,0.48352432,0.15784138,-0.046895392,0.37902585,0.56663287,0.23709026,0.30274707,0.22780465,0.1237998,0.26848316,0.16083382,0.22969918,0.11357419,0.35308796,0.1943214,0.9999999,0.24160963,0.088867754,0.08988005,0.1724795,0.020452464,0.41281712,0.06544611,0.33114424,0.60163677,0.2978408,0.42501262,0.5856254,0.29152864
M028,0.33016765,0.27608174,0.24857393,0.1726457,0.59824497,0.09905322,0.29742056,0.22471118,0.099977866,0.37681007,0.44391885,0.31184724,0.31858575,0.13847198,0.2776758,0.23494263,0.27242756,0.46396524,0.048738874,0.28623646,0.2995713,0.24357271,0.2778508,0.14284784,0.29540896,0.34538215,0.24160963,1.0000002,0.17215249,0.36797532,0.40925017,0.27949607,0.21156007,0.42074764,0.40191424,0.35742158,0.46330297,0.3536642,0.19869404,0.56247354
M029,0.0029875338,0.1660435,0.037065588,0.30376613,-0.013514198,0.18727426,0.12420222,0.28114837,0.2217988,0.11560075,0.09817729,0.28135678,0.24794888,0.08277388,0.013884883,0.16915342,-0.0065714717,0.019556908,0.21842958,0.17822947,0.07516825,0.26033163,-0.019839535,0.31850985,0.15785617,0.24563318,0.088867754,0.17215249,0.99999994,0.12591794,0.05513708,0.27843577,0.058184735,0.053026777,0.30455232,0.1946916,0.2435042,0.29173172,0.2225326,0.15074074
M030,0.4569016,0.3237326,0.2310169,0.17619549,0.39179572,0.14275345,0.21544471,0.14867947,0.098027356,0.84457344,0.41052973,0.34607685,0.24426493,0.15467733,0.22890043,0.2733623,0.49988008,0.3112215,0.001561217,0.15650824,0.3929444,0.17869747,0.2527671,0.15694705,0.44785678,0.20496532,0.08988005,0.36797532,0.12591794,1.0,0.41882935,0.14214835,0.34694684,0.46814796,0.24397981,0.33069023,0.3137603,0.09321606,0.16424325,0.34574866
M031,0.28380334,0.4613934,0.20125362,0.10758853,0.43055916,-0.06609383,0.42333564,0.057459198,0.34230757,0.49369952,0.47104713,0.22487149,0.24418649,0.07248669,0.12744279,0.43098632,0.32096654,0.26358706,0.08712635,0.19549868,0.45538568,0.05919623,0.24633837,0.04244052,0.4232148,0.14327066,0.1724795,0.40925017,0.05513708,0.41882935,1.0,0.07436968,0.21459714,0.45220166,0.33341366,0.30259213,0.32978,0.21851364,0.31126347,0.34295833
M032,0.053078517,0.11108965,0.008622448,0.18647692,0.27437827,0.18268162,0.020729698,0.31684506,0.166044,0.08068004,0.13599735,0.14569092,0.30504292,0.2826291,-0.09873065,0.09970856,0.012570929,0.17840424,0.08381812,0.27900428,0.05793845,0.35104024,0.14977281,0.20514846,0.082139984,0.13470185,0.020452464,0.27949607,0.27843577,0.14214835,0.07436968,1.0,-0.086445406,0.14974162,0.05147028,0.1381087,0.36569178,0.19122139,0.17195937,0.2921008
M033,0.35169482,0.37192178,0.26744458,-0.0075484323,0.24639581,-0.0008776188,0.2780028,-0.012732677,0.0930386,0.30939814,0.108769156,0.3700896,0.25183362,-0.09892894,0.36452383,0.37181044,0.36346045,0.24329546,-0.04768915,-0.05702605,0.3035645,-0.0182327,0.0988102,-0.055386495,0.38726565,-0.0068080835,0.41281712,0.21156007,0.058184735,0.34694684,0.21459714,-0.086445406,0.9999999,0.18282762,0.15291052,0.46865648,0.12577963,0.15385076,0.37366304,0.20670266
M034,0.25388983,0.31845936,0.19841544,0.078619055,0.40413332,0.053679045,0.2889445,0.019152075,0.24533005,0.44136313,0.882892,0.2676578,0.2706056,-0.022805586,0.263214,0.25454867,0.31366637,0.27042565,-0.03929791,0.38213712,0.31741008,0.052623745,0.24562824,0.053909555,0.36280036,0.22214125,0.06544611,0.42074764,0.053026777,0.46814796,0.45220166,0.14974162,0.18282762,1.0,0.27719405,0.3021943,0.37072682,0.21429403,0.27901933,0.36294112
M035,0.3294533,0.31929666,0.33568895,0.5291959,0.27143365,0.052789785,0.19853872,0.2946752,0.52143145,0.2862697,0.21799046,0.37518567,0.47471783,0.06667155,0.311329,0.33036333,0.36596215,0.32608002,0.42876565,0.20373562,0.32660437,0.29227084,0.098307736,0.48880923,0.3200202,0.48561454,0.33114424,0.40191424,0.30455232,0.24397981,0.33341366,0.05147028,0.15291052,0.27719405,0.9999999,0.4349774,0.39897776,0.5994237,0.26522896,0.32794863
M036,0.36976233,0.6269956,0.37545332,0.18541095,0.37363848,0.12027325,0.39529017,0.096264094,0.47687796,0.25762653,0.18860275,0.6781198,0.21840408,-0.1151428,0.42126426,0.6500183,0.43904936,0.4160728,0.17168513,0.13813859,0.49418426,0.123964615,0.2933948,0.1656013,0.62170345,0.2751103,0.60163677,0.35742158,0.1946916,0.33069023,0.30259213,0.1381087,0.46865648,0.3021943,0.4349774,0.9999999,0.5373548,0.5732813,0.73925817,0.5142637
M037,0.34908932,0.36302435,0.22941574,0.3389051,0.47811273,0.2162747,0.26748583,0.3537197,0.39482206,0.20715027,0.33405793,0.40097666,0.35693997,0.2926251,0.20631965,0.33941007,0.3130659,0.47052386,0.28741664,0.48537403,0.42111576,0.37069842,0.23844641,0.3319491,0.4221211,0.4368493,0.2978408,0.46330297,0.2435042,0.3137603,0.32978,0.36569178,0.12577963,0.37072682,0.39897776,0.5373548,1.0,0.5553966,0.41356075,0.70558053
M038,0.19964983,0.39256006,0.21422085,0.5153874,0.2531497,0.16743022,0.25506878,0.25512657,0.57694614,0.09620621,0.19630125,0.47839406,0.3308238,0.11150636,0.27741578,0.39228913,0.14431879,0.29061455,0.65522295,0.290552,0.3267476,0.27038318,0.120174535,0.4982441,0.37714994,0.3730771,0.42501262,0.3536642,0.29173172,0.09321606,0.21851364,0.19122139,0.15385076,0.21429403,0.5994237,0.5732813,0.5553966,1.0000002,0.5238109,0.44422483
M039,0.08679293,0.64115334,0.17821258,0.11238603,0.23241681,0.1666372,0.5789909,0.14660081,0.50160193,0.16316776,0.119941376,0.6413518,0.10215306,-0.0041878,0.25927135,0.6817168,0.19426075,0.1918559,0.15411806,0.058402784,0.38800368,0.16678458,0.17139338,0.086339444,0.53188366,0.114513695,0.5856254,0.19869404,0.2225326,0.16424325,0.31126347,0.17195937,0.37366304,0.27901933,0.26522896,0.73925817,0.41356075,0.5238109,1.0,0.31140575
M040,0.39940417,0.39231774,0.360035,0.18376791,0.63521403,0.20123267,0.19366243,0.19051024,0.14695144,0.298114,0.30861682,0.3463229,0.33108082,0.27913564,0.3257108,0.3358965,0.38148448,0.6482477,0.171496,0.33294278,0.4248805,0.25619054,0.37888533,0.20019744,0.2704886,0.421074,0.29152864,0.56247354,0.15074074,0.34574866,0.34295833,0.2921008,0.20670266,0.36294112,0.32794863,0.5142637,0.70558053,0.44422483,0.31140575,1.0
